from_id,relationship,to_id,properties
MOD-API-GATEWAY,MODULE_HAS_PARENT_MODULE,MOD-API-CORE,"{}"
MOD-API-CORE,MODULE_HAS_PARENT_MODULE,MOD-API-SHARED,"{}"
MOD-API-OBS,MODULE_HAS_PARENT_MODULE,MOD-API-CORE,"{}"
MOD-MCP-LINT,MODULE_HAS_PARENT_MODULE,MOD-MCP-COMMON,"{}"
MOD-MCP-TEST,MODULE_HAS_PARENT_MODULE,MOD-MCP-COMMON,"{}"
MOD-MCP-EXEC,MODULE_HAS_PARENT_MODULE,MOD-MCP-COMMON,"{}"
MOD-ANALYTICS-PIPELINE,MODULE_HAS_PARENT_MODULE,MOD-ANALYTICS-SHARED,"{}"
MOD-ANALYTICS-DASHBOARD,MODULE_HAS_PARENT_MODULE,MOD-ANALYTICS-SHARED,"{}"
