pr_id,module_id,title,status,author_id,created_at,merged_at,lines_added,lines_deleted,url
PR-20251007-101,MOD-MCP-EXEC,"Patch microvm filesystem leak",merged,PERSON-003,2025-10-07T09:40:00Z,2025-10-07T10:05:00Z,212,54,https://github.com/Ultimate-MCP/tooling/pull/101
PR-20251007-102,MOD-FRONTEND-UI,"Upgrade to React 19 RC",open,PERSON-001,2025-10-07T08:15:00Z,,876,432,https://github.com/Ultimate-MCP/frontend/pull/102
PR-20251006-205,MOD-API-GATEWAY,"Introduce request tracing IDs",merged,PERSON-002,2025-10-06T20:12:00Z,2025-10-06T22:48:00Z,345,98,https://github.com/Ultimate-MCP/backend/pull/205
PR-20251005-089,MOD-ANALYTICS-DASHBOARD,"Add error budget heatmap",merged,PERSON-006,2025-10-05T16:23:00Z,2025-10-05T18:10:00Z,210,87,https://github.com/Ultimate-MCP/analytics/pull/89
